Distance_m,Easting_X,Northing_Y,H_LEM,V_LEM,Perfil
0,464894.0,5754524.0,4.3,4.0,1
2,464893.4133333333,5754522.2,4.4,4.2,1
4,464892.82666666666,5754520.4,4.5,4.2,1
6,464892.24,5754518.6,4.7,4.4,1
8,464891.6533333333,5754516.8,5.0,4.5,1
10,464891.06666666665,5754515.0,5.4,5.0,1
12,464890.48,5754513.2,6.0,5.2,1
14,464889.8933333333,5754511.4,6.2,5.6,1
16,464889.3066666666,5754509.6,7.0,6.1,1
18,464888.72,5754507.8,7.7,6.4,1
20,464888.13333333336,5754506.0,8.4,7.4,1
22,464887.5466666667,5754504.2,9.4,8.2,1
24,464886.96,5754502.4,9.0,9.2,1
26,464886.37333333335,5754500.6,5.5,9.4,1
28,464885.7866666667,5754498.8,2.0,8.7,1
30,464885.2,5754497.0,0.6,8.5,1
32,464884.6133333333,5754495.2,1.4,8.2,1
34,464884.0266666667,5754493.4,3.4,8.2,1
36,464883.44,5754491.6,7.4,8.0,1
38,464882.8533333333,5754489.8,8.8,7.5,1
40,464882.26666666666,5754488.0,8.8,6.8,1
42,464881.68,5754486.2,7.8,6.8,1
44,464881.0933333333,5754484.4,7.0,6.1,1
46,464880.50666666665,5754482.6,6.2,5.8,1
48,464879.92,5754480.8,5.4,5.4,1
50,464879.3333333333,5754479.0,5.2,5.0,1
52,464878.7466666666,5754477.2,5.2,5.0,1
54,464878.16,5754475.4,5.0,4.9,1
56,464877.5733333333,5754473.6,4.9,4.8,1
58,464876.9866666667,5754471.8,4.8,4.5,1
60,464876.4,5754470.0,4.8,4.5,1
62,464875.81333333335,5754468.2,4.4,4.7,1
64,464875.2266666667,5754466.4,4.7,4.4,1
66,464874.64,5754464.6,4.6,4.2,1
68,464874.0533333333,5754462.8,4.7,4.5,1
70,464873.4666666667,5754461.0,5.0,4.6,1
72,464872.88,5754459.2,5.2,4.8,1
74,464872.2933333333,5754457.4,5.2,4.1,1
76,464871.70666666667,5754455.6,5.0,5.3,1
78,464871.12,5754453.8,4.2,5.6,1
80,464870.5333333333,5754452.0,3.4,6.2,1
82,464869.94666666666,5754450.2,3.1,6.2,1
84,464869.36,5754448.4,2.9,6.7,1
86,464868.7733333333,5754446.6,3.4,7.2,1
88,464868.18666666665,5754444.8,4.0,7.2,1
90,464867.6,5754443.0,4.2,7.4,1
92,464867.0133333333,5754441.2,4.4,7.7,1
94,464866.4266666667,5754439.4,4.4,7.4,1
96,464865.84,5754437.6,4.5,7.5,1
98,464865.25333333336,5754435.8,4.2,7.0,1
100,464864.6666666667,5754434.0,4.2,7.0,1
102,464864.08,5754432.2,4.2,6.9,1
104,464863.49333333335,5754430.4,4.2,6.0,1
106,464862.9066666667,5754428.6,4.5,6.0,1
108,464862.32,5754426.8,4.7,5.6,1
110,464861.7333333333,5754425.0,5.2,5.1,1
112,464861.14666666667,5754423.2,5.0,5.3,1
114,464860.56,5754421.4,4.9,5.0,1
116,464859.9733333333,5754419.6,4.5,5.2,1
118,464859.38666666666,5754417.8,4.2,5.0,1
120,464858.8,5754416.0,4.2,4.9,1
122,464858.2133333333,5754414.2,4.0,4.9,1
124,464857.62666666665,5754412.4,3.9,4.9,1
126,464857.04,5754410.6,4.0,4.7,1
128,464856.4533333333,5754408.8,3.4,4.2,1
130,464855.8666666666,5754407.0,3.8,4.5,1
132,464855.28,5754405.2,3.9,4.1,1
134,464854.69333333336,5754403.4,3.6,4.1,1
136,464854.1066666667,5754401.6,3.2,3.3,1
138,464853.52,5754399.8,3.2,3.1,1
140,464852.93333333335,5754398.0,3.2,3.0,1
142,464852.3466666667,5754396.2,3.0,3.5,1
144,464851.76,5754394.4,2.9,3.0,1
146,464851.1733333333,5754392.6,2.6,2.9,1
148,464850.5866666666,5754390.8,2.4,3.2,1
150,464850.0,5754389.0,2.2,3.3,1
0,464867.0,5754514.0,5.0,4.7,2
2,464866.50666666665,5754512.24,5.0,5.2,2
4,464866.0133333333,5754510.48,5.0,5.4,2
6,464865.52,5754508.72,5.2,5.6,2
8,464865.0266666667,5754506.96,5.9,6.0,2
10,464864.5333333333,5754505.2,6.7,6.6,2
12,464864.04,5754503.44,6.8,7.2,2
14,464863.5466666667,5754501.68,6.2,7.4,2
16,464863.0533333333,5754499.92,6.0,7.6,2
18,464862.56,5754498.16,6.2,7.6,2
20,464862.06666666665,5754496.4,5.6,8.4,2
22,464861.5733333333,5754494.64,6.0,8.6,2
24,464861.08,5754492.88,6.0,9.2,2
26,464860.5866666666,5754491.12,6.0,9.4,2
28,464860.0933333333,5754489.36,5.4,9.4,2
30,464859.6,5754487.6,5.4,9.4,2
32,464859.1066666667,5754485.84,5.4,9.2,2
34,464858.6133333333,5754484.08,5.4,9.0,2
36,464858.12,5754482.32,5.6,8.6,2
38,464857.62666666665,5754480.56,5.2,8.2,2
40,464857.13333333336,5754478.8,5.4,8.2,2
42,464856.64,5754477.04,5.0,7.6,2
44,464856.14666666667,5754475.28,4.8,7.6,2
46,464855.6533333333,5754473.52,4.4,8.0,2
48,464855.16,5754471.76,4.2,7.8,2
50,464854.6666666667,5754470.0,4.2,7.8,2
52,464854.1733333333,5754468.24,4.0,7.0,2
54,464853.68,5754466.48,4.2,7.0,2
56,464853.18666666665,5754464.72,4.4,6.8,2
58,464852.69333333336,5754462.96,4.2,6.8,2
60,464852.2,5754461.2,4.8,6.8,2
62,464851.70666666667,5754459.44,5.0,6.4,2
64,464851.2133333333,5754457.68,5.2,6.4,2
66,464850.72,5754455.92,5.2,6.0,2
68,464850.2266666667,5754454.16,5.2,5.9,2
70,464849.7333333333,5754452.4,4.8,5.9,2
72,464849.24,5754450.64,4.8,6.0,2
74,464848.7466666666,5754448.88,4.4,6.0,2
76,464848.25333333336,5754447.12,4.6,6.2,2
78,464847.76,5754445.36,4.6,6.4,2
80,464847.26666666666,5754443.6,5.2,6.4,2
82,464846.7733333333,5754441.84,4.8,6.5,2
84,464846.28,5754440.08,5.0,7.0,2
86,464845.7866666667,5754438.32,4.8,7.4,2
88,464845.2933333333,5754436.56,5.4,7.8,2
90,464844.8,5754434.8,5.0,7.6,2
92,464844.3066666666,5754433.04,5.2,7.6,2
94,464843.81333333335,5754431.28,5.2,7.7,2
96,464843.32,5754429.52,5.4,7.9,2
98,464842.82666666666,5754427.76,5.4,7.8,2
100,464842.3333333333,5754426.0,5.4,8.0,2
102,464841.84,5754424.24,5.4,7.9,2
104,464841.3466666667,5754422.48,5.2,7.8,2
106,464840.8533333333,5754420.72,5.0,7.8,2
108,464840.36,5754418.96,5.2,7.7,2
110,464839.8666666666,5754417.2,4.8,7.6,2
112,464839.37333333335,5754415.44,4.6,7.5,2
114,464838.88,5754413.68,5.0,7.4,2
116,464838.38666666666,5754411.92,4.6,7.2,2
118,464837.8933333333,5754410.16,4.8,7.0,2
120,464837.4,5754408.4,4.8,6.9,2
122,464836.9066666667,5754406.64,5.2,7.4,2
124,464836.4133333333,5754404.88,4.8,6.0,2
126,464835.92,5754403.12,4.6,5.9,2
128,464835.4266666667,5754401.36,4.2,5.5,2
130,464834.93333333335,5754399.6,4.6,5.2,2
132,464834.44,5754397.84,4.0,4.7,2
134,464833.94666666666,5754396.08,3.8,4.6,2
136,464833.4533333333,5754394.32,3.8,4.3,2
138,464832.96,5754392.56,3.6,4.0,2
140,464832.4666666667,5754390.8,3.4,3.9,2
142,464831.9733333333,5754389.04,3.4,3.7,2
144,464831.48,5754387.28,3.0,3.6,2
146,464830.9866666667,5754385.52,3.2,2.8,2
148,464830.49333333335,5754383.76,2.8,3.1,2
150,464830.0,5754382.0,2.8,3.2,2
0,464894.0,5754524.0,3.9,3.8,3
2,464893.4285714286,5754522.246753247,4.0,4.0,3
4,464892.8571428572,5754520.493506493,4.0,4.0,3
6,464892.28571428574,5754518.7402597405,4.1,4.3,3
8,464891.7142857143,5754516.987012987,4.4,4.6,3
10,464891.1428571429,5754515.233766234,5.6,5.0,3
12,464890.5714285714,5754513.48051948,5.4,5.0,3
14,464890.0,5754511.727272728,6.0,5.5,3
16,464889.4285714286,5754509.974025974,7.0,6.0,3
18,464888.8571428572,5754508.220779221,9.0,6.4,3
20,464888.28571428574,5754506.467532467,8.5,7.2,3
22,464887.7142857143,5754504.714285715,9.2,8.2,3
24,464887.1428571429,5754502.961038961,9.5,9.2,3
26,464886.5714285714,5754501.207792208,4.8,9.4,3
28,464886.0,5754499.454545454,1.3,8.6,3
30,464885.4285714286,5754497.701298702,0.4,8.0,3
32,464884.8571428572,5754495.948051948,0.7,8.0,3
34,464884.28571428574,5754494.194805195,3.2,8.2,3
36,464883.7142857143,5754492.441558441,6.5,7.8,3
38,464883.1428571429,5754490.688311689,3.5,7.4,3
40,464882.5714285714,5754488.935064935,8.0,6.4,3
42,464882.0,5754487.181818182,7.0,6.0,3
44,464881.4285714286,5754485.428571428,6.4,6.0,3
46,464880.8571428572,5754483.675324676,5.8,5.6,3
48,464880.28571428574,5754481.922077922,5.0,5.4,3
50,464879.7142857143,5754480.168831169,4.7,5.0,3
52,464879.1428571429,5754478.415584415,4.4,5.4,3
54,464878.5714285714,5754476.662337663,4.6,4.6,3
56,464878.0,5754474.909090909,4.4,4.4,3
58,464877.4285714286,5754473.155844156,4.4,4.4,3
60,464876.8571428572,5754471.402597402,4.2,4.4,3
62,464876.28571428574,5754469.64935065,4.2,4.2,3
64,464875.7142857143,5754467.896103896,4.0,4.3,3
66,464875.1428571429,5754466.142857143,4.2,4.3,3
68,464874.5714285714,5754464.389610389,4.2,4.8,3
70,464874.0,5754462.636363637,4.6,4.6,3
72,464873.4285714286,5754460.883116883,4.6,5.0,3
74,464872.8571428572,5754459.12987013,4.6,5.1,3
76,464872.28571428574,5754457.376623376,4.7,5.9,3
78,464871.7142857143,5754455.623376624,3.8,5.9,3
80,464871.1428571429,5754453.87012987,3.0,6.0,3
82,464870.5714285714,5754452.116883117,2.8,6.2,3
84,464870.0,5754450.363636363,2.8,6.9,3
86,464869.4285714286,5754448.610389611,3.0,7.0,3
88,464868.8571428572,5754446.857142857,3.4,7.8,3
90,464868.28571428574,5754445.103896104,4.0,7.8,3
92,464867.7142857143,5754443.35064935,4.2,7.2,3
94,464867.1428571429,5754441.597402598,4.0,7.8,3
96,464866.5714285714,5754439.844155844,3.4,7.2,3
98,464866.0,5754438.090909091,3.6,8.1,3
100,464865.4285714286,5754436.337662337,4.2,6.2,3
102,464864.8571428572,5754434.584415585,3.4,6.2,3
104,464864.28571428574,5754432.831168831,4.2,6.1,3
106,464863.7142857143,5754431.077922078,4.0,5.9,3
108,464863.1428571429,5754429.324675324,4.8,5.7,3
110,464862.5714285714,5754427.571428572,4.8,5.1,3
112,464862.0,5754425.818181818,4.8,5.1,3
114,464861.4285714286,5754424.064935065,4.8,5.0,3
116,464860.8571428572,5754422.311688311,4.8,5.3,3
118,464860.28571428574,5754420.558441559,4.0,4.9,3
120,464859.7142857143,5754418.805194805,3.6,4.9,3
122,464859.1428571429,5754417.051948052,3.6,4.3,3
124,464858.5714285714,5754415.298701298,3.6,4.8,3
126,464858.0,5754413.545454546,3.2,4.2,3
128,464857.4285714286,5754411.792207792,3.0,4.1,3
130,464856.8571428572,5754410.038961039,3.0,3.8,3
132,464856.28571428574,5754408.285714285,3.0,3.2,3
134,464855.7142857143,5754406.532467533,3.2,3.4,3
136,464855.1428571429,5754404.779220779,3.0,3.4,3
138,464854.5714285714,5754403.025974026,3.0,3.6,3
140,464854.0,5754401.2727272725,2.8,3.8,3
142,464853.4285714286,5754399.51948052,2.6,3.6,3
144,464852.8571428572,5754397.766233766,2.4,3.5,3
146,464852.28571428574,5754396.012987013,2.4,3.4,3
148,464851.7142857143,5754394.25974026,2.2,3.6,3
150,464851.1428571429,5754392.506493507,2.2,3.3,3
152,464850.5714285714,5754390.7532467535,2.2,2.8,3
154,464850.0,5754389.0,2.0,2.8,3
0,464856.0,5754525.0,4.4,4.9,4
2,464855.5544554456,5754523.2079207925,4.5,4.8,4
4,464855.1089108911,5754521.415841584,4.9,5.0,4
6,464854.6633663366,5754519.623762377,5.2,5.2,4
8,464854.21782178216,5754517.831683168,5.5,5.4,4
10,464853.7722772277,5754516.039603961,6.0,5.8,4
12,464853.3267326733,5754514.247524752,6.4,6.0,4
14,464852.8811881188,5754512.455445545,7.2,6.8,4
16,464852.4356435643,5754510.663366336,7.2,7.6,4
18,464851.9900990099,5754508.871287129,6.5,8.0,4
20,464851.5445544554,5754507.0792079205,5.9,8.3,4
22,464851.099009901,5754505.287128713,5.3,8.8,4
24,464850.65346534655,5754503.495049505,4.7,9.4,4
26,464850.2079207921,5754501.702970297,5.2,10.0,4
28,464849.7623762376,5754499.910891089,5.8,10.5,4
30,464849.3168316832,5754498.118811881,5.6,10.0,4
32,464848.8712871287,5754496.326732674,6.0,9.5,4
34,464848.4257425743,5754494.534653465,5.9,10.0,4
36,464847.9801980198,5754492.742574258,6.2,9.5,4
38,464847.5346534653,5754490.950495049,6.0,9.0,4
40,464847.0891089109,5754489.158415842,6.0,9.0,4
42,464846.6435643564,5754487.366336633,5.8,9.5,4
44,464846.198019802,5754485.574257426,5.8,9.0,4
46,464845.75247524754,5754483.782178218,5.4,9.0,4
48,464845.306930693,5754481.99009901,5.8,9.0,4
50,464844.8613861386,5754480.198019802,6.1,8.8,4
52,464844.41584158415,5754478.405940594,5.8,8.8,4
54,464843.9702970297,5754476.613861386,5.8,8.0,4
56,464843.52475247526,5754474.821782178,5.2,8.0,4
58,464843.0792079208,5754473.029702971,5.5,8.0,4
60,464842.6336633663,5754471.237623762,5.2,8.0,4
62,464842.1881188119,5754469.445544555,5.1,7.8,4
64,464841.7425742574,5754467.653465346,4.7,7.8,4
66,464841.297029703,5754465.861386139,4.4,7.5,4
68,464840.8514851485,5754464.0693069305,4.4,7.5,4
70,464840.4059405941,5754462.277227723,4.4,7.0,4
72,464839.9603960396,5754460.485148515,4.9,7.0,4
74,464839.5148514852,5754458.693069307,0.3,7.0,4
76,464839.0693069307,5754456.900990099,5.8,7.0,4
78,464838.62376237626,5754455.108910891,6.0,7.0,4
80,464838.17821782175,5754453.316831683,5.4,6.8,4
82,464837.7326732673,5754451.524752475,5.3,7.0,4
84,464837.28712871287,5754449.732673267,5.3,7.2,4
86,464836.8415841584,5754447.940594059,5.0,7.3,4
88,464836.396039604,5754446.148514852,4.8,7.6,4
90,464835.95049504953,5754444.356435644,4.7,7.8,4
92,464835.50495049503,5754442.564356436,4.8,8.0,4
94,464835.0594059406,5754440.772277228,5.0,8.2,4
96,464834.6138613861,5754438.98019802,5.2,8.3,4
98,464834.1683168317,5754437.188118812,5.4,8.4,4
100,464833.72277227725,5754435.396039604,5.5,8.4,4
102,464833.2772277228,5754433.603960396,5.4,8.4,4
104,464832.8316831683,5754431.811881188,5.6,8.6,4
106,464832.38613861386,5754430.01980198,5.1,8.6,4
108,464831.9405940594,5754428.227722772,5.8,8.8,4
110,464831.49504950497,5754426.435643564,5.8,836.0,4
112,464831.04950495047,5754424.6435643565,6.0,8.4,4
114,464830.603960396,5754422.851485148,6.0,8.4,4
116,464830.1584158416,5754421.059405941,6.2,8.2,4
118,464829.71287128713,5754419.267326733,6.2,8.2,4
120,464829.2673267327,5754417.475247525,5.8,8.0,4
122,464828.8217821783,5754415.683168317,5.7,8.0,4
124,464828.3762376237,5754413.891089109,5.6,8.0,4
126,464827.9306930693,5754412.099009901,5.2,8.0,4
128,464827.48514851485,5754410.306930693,5.0,8.0,4
130,464827.0396039604,5754408.514851485,4.6,7.6,4
132,464826.594059406,5754406.722772277,4.2,7.4,4
134,464826.14851485146,5754404.9306930695,4.0,7.2,4
136,464825.702970297,5754403.138613861,4.2,6.8,4
138,464825.2574257426,5754401.346534654,4.4,6.2,4
140,464824.8118811881,5754399.554455445,4.6,6.0,4
142,464824.3663366337,5754397.762376238,4.8,5.8,4
144,464823.9207920792,5754395.970297029,4.9,5.4,4
146,464823.4752475248,5754394.178217822,4.8,5.2,4
148,464823.0297029703,5754392.386138614,4.8,5.2,4
150,464822.5841584159,5754390.594059406,4.6,5.0,4
152,464822.1386138614,5754388.801980198,4.6,5.0,4
154,464821.69306930696,5754387.00990099,4.4,5.0,4
156,464821.24752475246,5754385.217821782,4.2,5.0,4
158,464820.801980198,5754383.425742574,4.0,4.8,4
160,464820.3564356436,5754381.633663367,4.2,5.0,4
162,464819.9108910891,5754379.841584158,4.2,5.2,4
164,464819.4653465347,5754378.049504951,4.2,5.0,4
166,464819.0198019802,5754376.257425742,4.0,5.0,4
168,464818.5742574257,5754374.465346535,4.0,5.0,4
170,464818.1287128713,5754372.673267326,4.0,5.4,4
172,464817.6831683168,5754370.881188119,4.0,5.4,4
174,464817.2376237624,5754369.089108911,3.8,5.6,4
176,464816.7920792079,5754367.297029703,3.8,5.4,4
178,464816.3465346535,5754365.504950495,3.8,5.4,4
180,464815.900990099,5754363.712871287,3.8,5.3,4
182,464815.45544554456,5754361.92079208,4.0,5.0,4
184,464815.0099009901,5754360.128712871,3.8,4.6,4
186,464814.5643564357,5754358.336633664,3.8,4.4,4
188,464814.1188118812,5754356.544554455,3.6,4.4,4
190,464813.6732673267,5754354.752475248,3.6,4.2,4
192,464813.2277227723,5754352.960396039,3.6,4.2,4
194,464812.7821782178,5754351.168316832,3.6,3.8,4
196,464812.3366336634,5754349.376237623,3.2,3.6,4
198,464811.8910891089,5754347.584158416,3.2,3.4,4
200,464811.4455445544,5754345.792079208,3.2,3.4,4
202,464811.0,5754344.0,3.0,2.8,4
0,464812.0,5754538.0,4.0,4.1,5
2,464811.8333333333,5754536.0784313725,4.0,4.4,5
4,464811.6666666667,5754534.156862745,4.0,4.8,5
6,464811.5,5754532.235294118,5.0,4.9,5
8,464811.3333333333,5754530.31372549,5.0,5.2,5
10,464811.1666666667,5754528.392156863,5.0,5.3,5
12,464811.0,5754526.470588235,5.0,5.4,5
14,464810.8333333333,5754524.549019608,6.0,5.8,5
16,464810.6666666667,5754522.62745098,6.5,6.2,5
18,464810.5,5754520.705882353,6.0,6.8,5
20,464810.3333333333,5754518.784313725,6.0,7.0,5
22,464810.1666666667,5754516.862745098,5.5,7.1,5
24,464810.0,5754514.94117647,5.0,7.6,5
26,464809.8333333333,5754513.019607843,5.0,8.8,5
28,464809.6666666667,5754511.098039215,5.0,8.4,5
30,464809.5,5754509.176470588,6.0,8.8,5
32,464809.3333333333,5754507.2549019605,6.0,9.2,5
34,464809.1666666667,5754505.333333333,6.5,9.3,5
36,464809.0,5754503.411764706,6.0,9.6,5
38,464808.8333333333,5754501.490196078,7.0,9.8,5
40,464808.6666666667,5754499.568627451,7.0,10.0,5
42,464808.5,5754497.647058823,7.4,10.0,5
44,464808.3333333333,5754495.725490196,7.2,10.0,5
46,464808.1666666667,5754493.803921568,7.2,10.0,5
48,464808.0,5754491.882352941,7.3,10.0,5
50,464807.8333333333,5754489.960784313,7.3,10.0,5
52,464807.6666666667,5754488.039215687,7.5,10.0,5
54,464807.5,5754486.117647059,7.4,10.0,5
56,464807.3333333333,5754484.196078432,7.5,10.0,5
58,464807.1666666667,5754482.274509804,7.4,10.0,5
60,464807.0,5754480.352941177,7.2,10.0,5
62,464806.8333333333,5754478.431372549,7.4,10.0,5
64,464806.6666666667,5754476.509803922,7.0,10.0,5
66,464806.5,5754474.588235294,7.0,10.0,5
68,464806.3333333333,5754472.666666667,7.2,9.9,5
70,464806.1666666667,5754470.74509804,7.0,9.5,5
72,464806.0,5754468.823529412,7.0,9.5,5
74,464805.8333333333,5754466.901960785,7.0,9.0,5
76,464805.6666666667,5754464.980392157,7.0,9.0,5
78,464805.5,5754463.05882353,7.0,9.0,5
80,464805.3333333333,5754461.137254902,7.0,9.0,5
82,464805.1666666667,5754459.215686275,7.2,9.0,5
84,464805.0,5754457.294117647,6.6,9.0,5
86,464804.8333333333,5754455.37254902,6.2,9.0,5
88,464804.6666666667,5754453.450980392,5.8,9.0,5
90,464804.5,5754451.529411765,6.0,9.5,5
92,464804.3333333333,5754449.607843137,6.6,10.0,5
94,464804.1666666667,5754447.68627451,6.2,10.0,5
96,464804.0,5754445.764705882,6.0,10.0,5
98,464803.8333333333,5754443.843137255,6.8,10.0,5
100,464803.6666666667,5754441.921568628,6.7,10.0,5
102,464803.5,5754440.0,6.7,10.0,5
104,464803.3333333333,5754438.0784313725,6.6,10.0,5
106,464803.1666666667,5754436.156862745,7.0,10.0,5
108,464803.0,5754434.235294118,7.0,10.0,5
110,464802.8333333333,5754432.31372549,8.8,10.0,5
112,464802.6666666667,5754430.392156863,9.4,10.0,5
114,464802.5,5754428.470588235,7.6,10.0,5
116,464802.3333333333,5754426.549019608,7.2,10.0,5
118,464802.1666666667,5754424.62745098,8.0,10.0,5
120,464802.0,5754422.705882353,7.6,10.0,5
122,464801.8333333333,5754420.784313725,7.2,10.0,5
124,464801.6666666667,5754418.862745098,7.0,10.0,5
126,464801.5,5754416.94117647,7.0,10.0,5
128,464801.3333333333,5754415.019607843,7.0,10.0,5
130,464801.1666666667,5754413.098039215,8.2,10.0,5
132,464801.0,5754411.176470588,7.8,10.0,5
134,464800.8333333333,5754409.2549019605,7.6,10.0,5
136,464800.6666666667,5754407.333333333,7.6,10.0,5
138,464800.5,5754405.411764706,6.8,10.0,5
140,464800.3333333333,5754403.490196078,7.0,9.5,5
142,464800.1666666667,5754401.568627451,7.0,9.5,5
144,464800.0,5754399.647058823,7.0,9.5,5
146,464799.8333333333,5754397.725490196,6.6,9.0,5
148,464799.6666666667,5754395.803921568,7.2,9.0,5
150,464799.5,5754393.882352941,6.8,9.0,5
152,464799.3333333333,5754391.960784313,7.0,9.0,5
154,464799.1666666667,5754390.039215687,7.0,9.0,5
156,464799.0,5754388.117647059,7.0,9.0,5
158,464798.8333333333,5754386.196078432,8.0,9.0,5
160,464798.6666666667,5754384.274509804,6.8,9.0,5
162,464798.5,5754382.352941177,6.6,9.0,5
164,464798.3333333333,5754380.431372549,6.4,9.0,5
166,464798.1666666667,5754378.509803922,7.0,9.0,5
168,464798.0,5754376.588235294,6.4,9.0,5
170,464797.8333333333,5754374.666666667,6.6,8.5,5
172,464797.6666666667,5754372.74509804,6.6,9.0,5
174,464797.5,5754370.823529412,6.2,8.0,5
176,464797.3333333333,5754368.901960785,6.6,8.0,5
178,464797.1666666667,5754366.980392157,7.8,8.0,5
180,464797.0,5754365.05882353,6.8,8.0,5
182,464796.8333333333,5754363.137254902,6.6,8.0,5
184,464796.6666666667,5754361.215686275,6.6,7.0,5
186,464796.5,5754359.294117647,8.0,7.0,5
188,464796.3333333333,5754357.37254902,6.6,7.0,5
190,464796.1666666667,5754355.450980392,6.6,6.0,5
192,464796.0,5754353.529411765,6.0,6.0,5
194,464795.8333333333,5754351.607843137,6.0,6.0,5
196,464795.6666666667,5754349.68627451,5.9,6.0,5
198,464795.5,5754347.764705882,5.4,5.0,5
200,464795.3333333333,5754345.843137255,5.3,5.0,5
202,464795.1666666667,5754343.921568628,5.4,5.0,5
204,464795.0,5754342.0,5.6,5.0,5
0,464785.0,5754539.0,4.0,3.8,6
2,464784.95,5754537.02,4.2,4.0,6
4,464784.9,5754535.04,4.2,3.9,6
6,464784.85,5754533.06,4.9,4.3,6
8,464784.8,5754531.08,5.1,4.4,6
10,464784.75,5754529.1,5.6,4.8,6
12,464784.7,5754527.12,6.0,5.2,6
14,464784.65,5754525.14,6.4,5.7,6
16,464784.6,5754523.16,6.8,6.2,6
18,464784.55,5754521.18,6.9,6.9,6
20,464784.5,5754519.2,6.2,7.0,6
22,464784.45,5754517.22,6.2,8.0,6
24,464784.4,5754515.24,6.8,8.2,6
26,464784.35,5754513.26,6.8,9.0,6
28,464784.3,5754511.28,7.8,9.4,6
30,464784.25,5754509.3,8.0,9.8,6
32,464784.2,5754507.32,8.2,11.0,6
34,464784.15,5754505.34,8.4,11.0,6
36,464784.1,5754503.36,8.2,10.2,6
38,464784.05,5754501.38,8.4,10.1,6
40,464784.0,5754499.4,8.4,10.0,6
42,464783.95,5754497.42,8.6,10.0,6
44,464783.9,5754495.44,8.6,10.3,6
46,464783.85,5754493.46,8.8,10.1,6
48,464783.8,5754491.48,9.0,10.1,6
50,464783.75,5754489.5,9.0,10.0,6
52,464783.7,5754487.52,9.0,10.4,6
54,464783.65,5754485.54,8.8,10.2,6
56,464783.6,5754483.56,9.0,10.1,6
58,464783.55,5754481.58,9.0,10.8,6
60,464783.5,5754479.6,8.8,10.0,6
62,464783.45,5754477.62,9.1,10.0,6
64,464783.4,5754475.64,9.0,10.3,6
66,464783.35,5754473.66,8.8,10.2,6
68,464783.3,5754471.68,8.4,10.1,6
70,464783.25,5754469.7,8.1,10.1,6
72,464783.2,5754467.72,7.6,10.2,6
74,464783.15,5754465.74,7.9,10.0,6
76,464783.1,5754463.76,8.5,9.9,6
78,464783.05,5754461.78,7.8,9.8,6
80,464783.0,5754459.8,7.5,9.4,6
82,464782.95,5754457.82,7.4,9.5,6
84,464782.9,5754455.84,7.2,9.3,6
86,464782.85,5754453.86,6.9,9.0,6
88,464782.8,5754451.88,6.9,9.0,6
90,464782.75,5754449.9,6.8,9.0,6
92,464782.7,5754447.92,6.4,8.6,6
94,464782.65,5754445.94,6.4,8.8,6
96,464782.6,5754443.96,6.3,9.0,6
98,464782.55,5754441.98,6.2,8.6,6
100,464782.5,5754440.0,6.2,9.1,6
102,464782.45,5754438.02,6.4,8.8,6
104,464782.4,5754436.04,6.2,8.9,6
106,464782.35,5754434.06,6.2,8.8,6
108,464782.3,5754432.08,6.4,9.3,6
110,464782.25,5754430.1,6.2,9.6,6
112,464782.2,5754428.12,6.4,9.5,6
114,464782.15,5754426.14,6.8,9.6,6
116,464782.1,5754424.16,6.8,9.7,6
118,464782.05,5754422.18,6.6,9.8,6
120,464782.0,5754420.2,7.2,9.8,6
122,464781.95,5754418.22,7.2,9.9,6
124,464781.9,5754416.24,7.2,9.7,6
126,464781.85,5754414.26,7.2,10.0,6
128,464781.8,5754412.28,7.2,9.8,6
130,464781.75,5754410.3,7.4,9.8,6
132,464781.7,5754408.32,7.2,10.0,6
134,464781.65,5754406.34,7.2,10.1,6
136,464781.6,5754404.36,7.1,10.1,6
138,464781.55,5754402.38,6.8,10.2,6
140,464781.5,5754400.4,7.0,10.0,6
142,464781.45,5754398.42,7.8,10.1,6
144,464781.4,5754396.44,7.8,10.2,6
146,464781.35,5754394.46,7.8,10.2,6
148,464781.3,5754392.48,7.8,10.1,6
150,464781.25,5754390.5,7.4,10.5,6
152,464781.2,5754388.52,7.8,10.6,6
154,464781.15,5754386.54,8.0,10.7,6
156,464781.1,5754384.56,7.6,10.3,6
158,464781.05,5754382.58,8.2,10.3,6
160,464781.0,5754380.6,7.6,10.5,6
162,464780.95,5754378.62,7.6,10.1,6
164,464780.9,5754376.64,7.8,10.5,6
166,464780.85,5754374.66,8.2,10.5,6
168,464780.8,5754372.68,7.3,10.6,6
170,464780.75,5754370.7,7.4,10.6,6
172,464780.7,5754368.72,6.8,10.3,6
174,464780.65,5754366.74,6.5,10.2,6
176,464780.6,5754364.76,6.4,10.0,6
178,464780.55,5754362.78,6.0,9.8,6
180,464780.5,5754360.8,6.6,9.9,6
182,464780.45,5754358.82,6.6,9.9,6
184,464780.4,5754356.84,6.4,9.3,6
186,464780.35,5754354.86,5.8,8.6,6
188,464780.3,5754352.88,5.8,8.4,6
190,464780.25,5754350.9,5.5,8.1,6
192,464780.2,5754348.92,5.8,8.4,6
194,464780.15,5754346.94,6.4,8.2,6
196,464780.1,5754344.96,6.1,8.0,6
198,464780.05,5754342.98,6.0,8.0,6
200,464780.0,5754341.0,6.3,7.6,6
202,464779.95,5754339.02,6.5,7.5,6
204,464779.9,5754337.04,6.2,7.9,6
206,464779.85,5754335.06,6.2,8.0,6
208,464779.8,5754333.08,6.0,8.1,6
210,464779.75,5754331.1,9.0,7.9,6
212,464779.7,5754329.12,5.8,7.5,6
214,464779.65,5754327.14,5.7,7.7,6
216,464779.6,5754325.16,5.6,7.4,6
218,464779.55,5754323.18,5.0,8.8,6
220,464779.5,5754321.2,5.3,6.1,6
222,464779.45,5754319.22,5.2,6.0,6
224,464779.4,5754317.24,5.8,5.5,6
226,464779.35,5754315.26,5.5,5.1,6
228,464779.3,5754313.28,5.3,4.8,6
230,464779.25,5754311.3,5.6,4.5,6
0,464767.0,5754536.0,4.0,3.8,7
2,464766.84,5754534.19,4.0,8.6,7
4,464766.68,5754532.38,4.0,4.2,7
6,464766.52,5754530.57,4.0,4.4,7
8,464766.36,5754528.76,4.0,4.8,7
10,464766.2,5754526.95,4.0,4.8,7
12,464766.04,5754525.14,5.0,5.2,7
14,464765.88,5754523.33,6.0,5.4,7
16,464765.72,5754521.52,6.0,6.2,7
18,464765.56,5754519.71,7.0,6.8,7
20,464765.4,5754517.9,7.0,7.1,7
22,464765.24,5754516.09,7.0,7.0,7
24,464765.08,5754514.28,7.0,8.2,7
26,464764.92,5754512.47,7.0,7.6,7
28,464764.76,5754510.66,7.0,9.0,7
30,464764.6,5754508.85,7.2,9.4,7
32,464764.44,5754507.04,7.5,10.0,7
34,464764.28,5754505.23,8.0,10.0,7
36,464764.12,5754503.42,8.0,10.0,7
38,464763.96,5754501.61,8.0,10.5,7
40,464763.8,5754499.8,8.2,10.5,7
42,464763.64,5754497.99,8.4,11.0,7
44,464763.48,5754496.18,8.4,11.0,7
46,464763.32,5754494.37,8.4,11.0,7
48,464763.16,5754492.56,8.6,11.0,7
50,464763.0,5754490.75,8.8,11.0,7
52,464762.84,5754488.94,9.0,11.0,7
54,464762.68,5754487.13,9.4,11.0,7
56,464762.52,5754485.32,9.0,11.0,7
58,464762.36,5754483.51,9.2,11.0,7
60,464762.2,5754481.7,9.2,10.0,7
62,464762.04,5754479.89,9.0,10.0,7
64,464761.88,5754478.08,8.8,9.8,7
66,464761.72,5754476.27,8.4,10.0,7
68,464761.56,5754474.46,8.2,9.8,7
70,464761.4,5754472.65,8.0,9.6,7
72,464761.24,5754470.84,7.4,9.2,7
74,464761.08,5754469.03,7.8,9.2,7
76,464760.92,5754467.22,7.2,7.8,7
78,464760.76,5754465.41,6.8,8.2,7
80,464760.6,5754463.6,6.8,7.6,7
82,464760.44,5754461.79,7.0,7.2,7
84,464760.28,5754459.98,6.8,7.6,7
86,464760.12,5754458.17,7.2,7.4,7
88,464759.96,5754456.36,7.2,7.0,7
90,464759.8,5754454.55,7.0,7.0,7
92,464759.64,5754452.74,7.0,6.8,7
94,464759.48,5754450.93,6.8,6.8,7
96,464759.32,5754449.12,6.2,6.6,7
98,464759.16,5754447.31,7.0,6.8,7
100,464759.0,5754445.5,7.0,6.6,7
102,464758.84,5754443.69,9.8,7.2,7
104,464758.68,5754441.88,7.0,7.8,7
106,464758.52,5754440.07,6.8,8.2,7
108,464758.36,5754438.26,6.9,8.2,7
110,464758.2,5754436.45,6.8,8.8,7
112,464758.04,5754434.64,7.0,8.2,7
114,464757.88,5754432.83,7.0,9.2,7
116,464757.72,5754431.02,7.2,9.6,7
118,464757.56,5754429.21,6.8,10.0,7
120,464757.4,5754427.4,7.2,10.0,7
122,464757.24,5754425.59,7.6,11.0,7
124,464757.08,5754423.78,7.0,10.0,7
126,464756.92,5754421.97,8.0,11.0,7
128,464756.76,5754420.16,8.0,11.0,7
130,464756.6,5754418.35,7.6,11.0,7
132,464756.44,5754416.54,8.0,11.0,7
134,464756.28,5754414.73,8.2,10.0,7
136,464756.12,5754412.92,8.2,10.0,7
138,464755.96,5754411.11,8.8,10.0,7
140,464755.8,5754409.3,8.6,10.0,7
142,464755.64,5754407.49,8.8,10.0,7
144,464755.48,5754405.68,8.8,9.8,7
146,464755.32,5754403.87,8.8,9.6,7
148,464755.16,5754402.06,8.8,9.8,7
150,464755.0,5754400.25,9.0,10.0,7
152,464754.84,5754398.44,8.6,10.0,7
154,464754.68,5754396.63,8.2,10.0,7
156,464754.52,5754394.82,8.0,10.0,7
158,464754.36,5754393.01,7.4,11.0,7
160,464754.2,5754391.2,8.0,12.0,7
162,464754.04,5754389.39,7.0,12.0,7
164,464753.88,5754387.58,7.0,12.0,7
166,464753.72,5754385.77,7.0,12.0,7
168,464753.56,5754383.96,6.8,10.0,7
170,464753.4,5754382.15,6.2,10.0,7
172,464753.24,5754380.34,6.8,9.6,7
174,464753.08,5754378.53,6.0,8.6,7
176,464752.92,5754376.72,6.8,9.4,7
178,464752.76,5754374.91,6.4,9.4,7
180,464752.6,5754373.1,6.4,9.2,7
182,464752.44,5754371.29,6.8,8.8,7
184,464752.28,5754369.48,6.0,9.0,7
186,464752.12,5754367.67,6.0,8.8,7
188,464751.96,5754365.86,6.5,8.8,7
190,464751.8,5754364.05,6.4,9.0,7
192,464751.64,5754362.24,6.4,9.0,7
194,464751.48,5754360.43,6.2,9.0,7
196,464751.32,5754358.62,6.2,9.2,7
198,464751.16,5754356.81,6.0,9.4,7
200,464751.0,5754355.0,6.0,9.4,7
202,464750.84,5754353.19,6.0,9.4,7
204,464750.68,5754351.38,6.8,9.8,7
206,464750.52,5754349.57,6.8,9.8,7
208,464750.36,5754347.76,7.0,9.5,7
210,464750.2,5754345.95,7.6,9.8,7
212,464750.04,5754344.14,8.0,10.0,7
214,464749.88,5754342.33,8.0,9.8,7
216,464749.72,5754340.52,7.8,9.2,7
218,464749.56,5754338.71,6.2,8.5,7
220,464749.4,5754336.9,4.4,8.0,7
222,464749.24,5754335.09,3.8,7.6,7
224,464749.08,5754333.28,4.8,7.4,7
226,464748.92,5754331.47,6.0,7.4,7
228,464748.76,5754329.66,5.8,6.2,7
230,464748.6,5754327.85,5.8,5.4,7
232,464748.44,5754326.04,5.8,5.4,7
0,464730.0,5754518.0,4.2,4.2,8
2,464729.86,5754516.02,4.0,4.2,8
4,464729.72,5754514.04,4.0,4.4,8
6,464729.58,5754512.06,4.0,4.4,8
8,464729.44,5754510.08,4.0,4.4,8
10,464729.3,5754508.1,4.0,4.8,8
12,464729.16,5754506.12,5.0,4.8,8
14,464729.02,5754504.14,6.0,5.2,8
16,464728.88,5754502.16,5.7,5.6,8
18,464728.74,5754500.18,6.0,5.8,8
20,464728.6,5754498.2,6.0,6.4,8
22,464728.46,5754496.22,6.0,6.8,8
24,464728.32,5754494.24,6.0,7.2,8
26,464728.18,5754492.26,6.0,7.6,8
28,464728.04,5754490.28,6.5,8.2,8
30,464727.9,5754488.3,7.0,8.4,8
32,464727.76,5754486.32,7.0,8.8,8
34,464727.62,5754484.34,8.0,9.2,8
36,464727.48,5754482.36,7.5,9.3,8
38,464727.34,5754480.38,8.0,9.6,8
40,464727.2,5754478.4,7.8,9.6,8
42,464727.06,5754476.42,8.0,9.8,8
44,464726.92,5754474.44,8.5,10.0,8
46,464726.78,5754472.46,9.0,10.0,8
48,464726.64,5754470.48,9.0,10.2,8
50,464726.5,5754468.5,9.0,10.5,8
52,464726.36,5754466.52,9.0,10.5,8
54,464726.22,5754464.54,9.0,10.5,8
56,464726.08,5754462.56,9.0,10.2,8
58,464725.94,5754460.58,9.0,10.5,8
60,464725.8,5754458.6,9.8,10.8,8
62,464725.66,5754456.62,9.0,10.5,8
64,464725.52,5754454.64,9.5,10.2,8
66,464725.38,5754452.66,9.0,10.0,8
68,464725.24,5754450.68,9.5,10.5,8
70,464725.1,5754448.7,9.0,10.8,8
72,464724.96,5754446.72,9.0,10.0,8
74,464724.82,5754444.74,8.5,10.8,8
76,464724.68,5754442.76,9.0,10.0,8
78,464724.54,5754440.78,9.0,10.2,8
80,464724.4,5754438.8,8.5,10.5,8
82,464724.26,5754436.82,9.0,10.5,8
84,464724.12,5754434.84,8.8,10.2,8
86,464723.98,5754432.86,9.0,10.0,8
88,464723.84,5754430.88,8.5,10.0,8
90,464723.7,5754428.9,8.8,11.0,8
92,464723.56,5754426.92,8.8,10.5,8
94,464723.42,5754424.94,9.0,10.5,8
96,464723.28,5754422.96,8.8,10.0,8
98,464723.14,5754420.98,9.0,10.0,8
100,464723.0,5754419.0,9.0,10.0,8
102,464722.86,5754417.02,9.0,10.2,8
104,464722.72,5754415.04,9.0,10.2,8
106,464722.58,5754413.06,9.2,10.0,8
108,464722.44,5754411.08,9.0,10.0,8
110,464722.3,5754409.1,9.2,10.0,8
112,464722.16,5754407.12,9.2,10.0,8
114,464722.02,5754405.14,9.2,10.2,8
116,464721.88,5754403.16,9.0,10.2,8
118,464721.74,5754401.18,9.0,10.2,8
120,464721.6,5754399.2,9.0,10.5,8
122,464721.46,5754397.22,9.4,10.5,8
124,464721.32,5754395.24,9.4,10.5,8
126,464721.18,5754393.26,10.0,11.0,8
128,464721.04,5754391.28,9.8,10.5,8
130,464720.9,5754389.3,9.0,10.8,8
132,464720.76,5754387.32,9.0,10.5,8
134,464720.62,5754385.34,9.0,10.5,8
136,464720.48,5754383.36,8.8,10.0,8
138,464720.34,5754381.38,8.5,10.0,8
140,464720.2,5754379.4,8.3,10.0,8
142,464720.06,5754377.42,8.0,10.0,8
144,464719.92,5754375.44,8.0,9.2,8
146,464719.78,5754373.46,7.5,9.0,8
148,464719.64,5754371.48,7.0,9.0,8
150,464719.5,5754369.5,7.0,8.8,8
152,464719.36,5754367.52,7.0,8.5,8
154,464719.22,5754365.54,6.5,7.8,8
156,464719.08,5754363.56,6.2,8.0,8
158,464718.94,5754361.58,6.2,7.5,8
160,464718.8,5754359.6,7.0,7.8,8
162,464718.66,5754357.62,6.2,7.2,8
164,464718.52,5754355.64,6.5,7.0,8
166,464718.38,5754353.66,6.5,7.0,8
168,464718.24,5754351.68,6.5,7.0,8
170,464718.1,5754349.7,6.5,7.0,8
172,464717.96,5754347.72,6.5,7.5,8
174,464717.82,5754345.74,6.5,7.5,8
176,464717.68,5754343.76,6.2,7.5,8
178,464717.54,5754341.78,6.0,7.5,8
180,464717.4,5754339.8,6.8,7.0,8
182,464717.26,5754337.82,6.8,7.0,8
184,464717.12,5754335.84,6.8,8.5,8
186,464716.98,5754333.86,7.0,8.8,8
188,464716.84,5754331.88,7.2,8.8,8
190,464716.7,5754329.9,7.2,9.0,8
192,464716.56,5754327.92,7.5,9.8,8
194,464716.42,5754325.94,7.0,10.2,8
196,464716.28,5754323.96,6.5,10.5,8
198,464716.14,5754321.98,6.0,10.5,8
200,464716.0,5754320.0,6.0,11.0,8
202,464715.86,5754318.02,6.2,9.0,8
204,464715.72,5754316.04,7.0,8.8,8
206,464715.58,5754314.06,8.0,8.0,8
208,464715.44,5754312.08,8.5,7.0,8
210,464715.3,5754310.1,8.8,6.2,8
212,464715.16,5754308.12,8.0,5.8,8
214,464715.02,5754306.14,7.5,5.0,8
216,464714.88,5754304.16,7.0,5.0,8
218,464714.74,5754302.18,6.5,4.5,8
220,464714.6,5754300.2,6.0,4.5,8
222,464714.46,5754298.22,5.5,4.2,8
0,464706.0,5754508.0,5.8,3.8,9
5,464705.88095238095,5754503.214285715,6.2,4.2,9
10,464705.7619047619,5754498.428571428,5.7,4.6,9
15,464705.6428571429,5754493.642857143,7.0,5.0,9
20,464705.5238095238,5754488.857142857,7.7,5.9,9
25,464705.40476190473,5754484.071428572,7.2,7.0,9
30,464705.28571428574,5754479.285714285,7.8,8.4,9
35,464705.1666666667,5754474.5,9.0,9.2,9
40,464705.0476190476,5754469.714285715,9.9,9.4,9
45,464704.9285714286,5754464.928571428,10.0,10.0,9
50,464704.8095238095,5754460.142857143,10.0,10.0,9
55,464704.6904761905,5754455.357142857,10.0,10.0,9
60,464704.5714285714,5754450.571428572,10.0,10.0,9
65,464704.4523809524,5754445.785714285,10.0,10.0,9
70,464704.3333333333,5754441.0,10.1,10.0,9
75,464704.2142857143,5754436.214285715,10.0,10.1,9
80,464704.09523809527,5754431.428571428,10.0,10.0,9
85,464703.9761904762,5754426.642857143,10.0,10.1,9
90,464703.8571428572,5754421.857142857,10.0,10.0,9
95,464703.7380952381,5754417.071428572,10.0,10.1,9
100,464703.6190476191,5754412.285714285,10.0,10.1,9
105,464703.5,5754407.5,10.0,10.0,9
110,464703.38095238095,5754402.714285715,10.0,10.0,9
115,464703.2619047619,5754397.928571428,10.1,10.0,9
120,464703.1428571429,5754393.142857143,10.0,10.0,9
125,464703.0238095238,5754388.357142857,10.1,10.0,9
130,464702.90476190473,5754383.571428572,9.8,10.0,9
135,464702.78571428574,5754378.785714285,9.8,9.0,9
140,464702.6666666667,5754374.0,8.5,8.5,9
145,464702.5476190476,5754369.214285715,8.5,7.5,9
150,464702.4285714286,5754364.428571428,7.0,7.1,9
155,464702.3095238095,5754359.642857143,7.0,6.4,9
160,464702.1904761905,5754354.857142857,8.0,6.3,9
165,464702.0714285714,5754350.071428572,8.0,6.2,9
170,464701.9523809524,5754345.285714285,7.7,6.1,9
175,464701.8333333333,5754340.5,8.0,6.0,9
180,464701.7142857143,5754335.714285715,8.0,5.8,9
185,464701.59523809527,5754330.928571428,8.0,5.4,9
190,464701.4761904762,5754326.142857143,7.5,5.5,9
195,464701.3571428572,5754321.357142857,7.0,4.0,9
200,464701.2380952381,5754316.571428572,6.0,4.4,9
205,464701.1190476191,5754311.785714285,6.8,4.5,9
210,464701.0,5754307.0,7.0,4.6,9
0,464680.0,5754495.0,4.5,3.8,10
5,464679.9428571428,5754490.514285714,5.0,4.2,10
10,464679.8857142857,5754486.028571429,5.6,4.4,10
15,464679.8285714285,5754481.542857143,6.0,5.0,10
20,464679.7714285714,5754477.057142857,6.6,6.0,10
25,464679.7142857143,5754472.571428572,6.3,7.4,10
30,464679.6571428572,5754468.085714285,6.7,9.0,10
35,464679.6,5754463.6,7.3,9.6,10
40,464679.54285714286,5754459.114285714,8.2,9.6,10
45,464679.4857142857,5754454.628571428,8.8,9.4,10
50,464679.4285714286,5754450.142857143,9.0,9.8,10
55,464679.3714285714,5754445.657142857,9.2,10.0,10
60,464679.3142857143,5754441.171428571,9.4,10.0,10
65,464679.2571428571,5754436.685714286,9.2,10.0,10
70,464679.2,5754432.2,9.3,10.0,10
75,464679.1428571429,5754427.714285715,9.4,10.0,10
80,464679.0857142857,5754423.228571429,9.4,10.0,10
85,464679.02857142856,5754418.742857143,9.7,10.0,10
90,464678.9714285714,5754414.257142857,9.8,10.0,10
95,464678.9142857143,5754409.771428571,10.0,10.0,10
100,464678.8571428572,5754405.285714285,8.0,11.0,10
105,464678.8,5754400.8,10.0,10.0,10
110,464678.7428571429,5754396.314285714,10.0,11.0,10
115,464678.6857142857,5754391.828571429,10.0,11.0,10
120,464678.6285714286,5754387.342857143,9.0,10.0,10
125,464678.5714285714,5754382.857142857,8.0,9.0,10
130,464678.5142857143,5754378.371428572,6.0,9.0,10
135,464678.45714285714,5754373.885714286,9.0,8.0,10
140,464678.4,5754369.4,7.0,7.0,10
145,464678.34285714285,5754364.914285715,7.0,6.0,10
150,464678.28571428574,5754360.428571428,7.0,5.0,10
155,464678.22857142857,5754355.942857143,7.7,6.0,10
160,464678.17142857146,5754351.457142857,6.8,5.0,10
165,464678.1142857143,5754346.971428571,6.3,5.0,10
170,464678.0571428572,5754342.485714286,6.5,6.0,10
175,464678.0,5754338.0,7.4,6.0,10
0,464663.0,5754472.0,4.0,3.8,11
5,464662.7586206897,5754467.275862069,4.0,3.2,11
10,464662.5172413793,5754462.551724138,5.0,4.0,11
15,464662.275862069,5754457.827586207,5.2,3.6,11
20,464662.0344827586,5754453.103448276,5.8,4.8,11
25,464661.7931034483,5754448.379310345,6.6,5.6,11
30,464661.5517241379,5754443.655172414,6.6,6.2,11
35,464661.3103448276,5754438.931034483,5.8,7.2,11
40,464661.0689655172,5754434.206896552,6.8,8.4,11
45,464660.8275862069,5754429.482758621,6.8,9.2,11
50,464660.5862068966,5754424.75862069,7.4,9.4,11
55,464660.3448275862,5754420.034482759,8.0,9.6,11
60,464660.1034482759,5754415.310344827,8.4,10.0,11
65,464659.8620689655,5754410.586206896,8.4,10.0,11
70,464659.6206896552,5754405.862068965,9.2,10.0,11
75,464659.3793103448,5754401.137931035,8.8,10.0,11
80,464659.1379310345,5754396.413793104,8.4,11.2,11
85,464658.8965517241,5754391.689655173,8.6,11.0,11
90,464658.6551724138,5754386.9655172415,8.4,10.0,11
95,464658.4137931034,5754382.24137931,8.4,10.0,11
100,464658.1724137931,5754377.517241379,9.0,10.0,11
105,464657.9310344828,5754372.793103448,8.2,9.0,11
110,464657.6896551724,5754368.068965517,7.8,9.0,11
115,464657.4482758621,5754363.344827586,8.4,8.0,11
120,464657.2068965517,5754358.620689655,8.8,8.0,11
125,464656.9655172414,5754353.8965517245,8.0,6.8,11
130,464656.724137931,5754349.172413793,6.8,5.8,11
135,464656.4827586207,5754344.448275862,7.2,5.8,11
140,464656.2413793103,5754339.724137931,7.6,5.0,11
145,464656.0,5754335.0,6.8,5.0,11
0,464640.0,5754458.0,4.2,3.0,12
5,464639.6,5754452.833333333,4.6,3.4,12
10,464639.2,5754447.666666667,5.0,3.8,12
15,464638.8,5754442.5,5.8,4.4,12
20,464638.4,5754437.333333333,6.4,5.0,12
25,464638.0,5754432.166666667,7.0,5.6,12
30,464637.6,5754427.0,7.2,6.4,12
35,464637.2,5754421.833333333,7.6,6.6,12
40,464636.8,5754416.666666667,8.2,7.2,12
45,464636.4,5754411.5,8.4,7.2,12
50,464636.0,5754406.333333333,8.4,7.4,12
55,464635.6,5754401.166666667,7.8,7.8,12
60,464635.2,5754396.0,8.0,8.1,12
65,464634.8,5754390.833333333,8.9,9.5,12
70,464634.4,5754385.666666667,8.8,9.8,12
75,464634.0,5754380.5,8.8,11.0,12
80,464633.6,5754375.333333333,9.4,11.0,12
85,464633.2,5754370.166666667,9.0,10.9,12
90,464632.8,5754365.0,8.2,10.0,12
95,464632.4,5754359.833333333,8.0,9.0,12
100,464632.0,5754354.666666667,7.8,8.0,12
105,464631.6,5754349.5,7.6,7.0,12
110,464631.2,5754344.333333333,7.4,6.9,12
115,464630.8,5754339.166666667,7.0,6.4,12
120,464630.4,5754334.0,6.2,6.2,12
125,464630.0,5754328.833333333,6.3,5.9,12
130,464629.6,5754323.666666667,6.7,5.8,12
135,464629.2,5754318.5,6.9,6.2,12
140,464628.8,5754313.333333333,7.0,6.2,12
145,464628.4,5754308.166666667,6.8,6.0,12
150,464628.0,5754303.0,6.8,5.3,12
155,464627.6,5754297.833333333,7.0,5.1,12
160,464627.2,5754292.666666667,5.4,4.7,12
165,464626.8,5754287.5,4.8,4.6,12
170,464626.4,5754282.333333333,4.6,4.4,12
175,464626.0,5754277.166666667,4.8,4.1,12
